<?xml version="1.0" encoding="utf-8"?>
<skin>
	<information>
		<name>Flatinum</name>
		<version>1.0</version>
		<description>
			<![CDATA[ Bootstrap을 기반으로 만든 반응형 티스토리 스킨입니다.
Boostrap 업데이트를 위해 Boostrap의 스타일시트는 수정하지 않았습니다.
스킨의 수정을 위해서는 티스토리 기본 관리자에서 HTML/CSS 부분만 수정하시면 됩니다.
블로그 이미지 사이즈 가로 840px이나, 모바일 최적화가 기본 적용 되어 있습니다. ]]>
		</description>
		<license>
			<![CDATA[자유롭게 수정이 가능하며, 저작권 표시하에 재배포 가능합니다.]]>
		</license>
	</information>
	<contest>
		<description>2015 반응형 스킨 공모전 은상</description>
		<preview>//t1.daumcdn.net/tistory_admin/static/admin/new/awards_06.png</preview>
		<document>http://flatinum.tistory.com/13</document>
	</contest>
	<author>
		<name>Flatinum</name>
		<homepage>http://socialdev.co.kr</homepage>
		<email>jihoon.song@hotmail.com</email>
	</author>
	<default>
		<recentEntries>10</recentEntries>
		<recentComments>10</recentComments>
		<recentTrackbacks>10</recentTrackbacks>
		<itemsOnGuestbook>10</itemsOnGuestbook>
		<tagsInCloud>30</tagsInCloud>
		<sortInCloud>3</sortInCloud>
		<expandComment>0</expandComment>
		<lengthOfRecentNotice>20</lengthOfRecentNotice>
		<lengthOfRecentEntry>30</lengthOfRecentEntry>
		<lengthOfRecentComment>20</lengthOfRecentComment>
		<lengthOfRecentTrackback>20</lengthOfRecentTrackback>
		<lengthOfLink>20</lengthOfLink>
		<showListOnCategory>1</showListOnCategory>
		<showListOnArchive>1</showListOnArchive>
		<commentMessage>
			<none>댓글이 없습니다.</none>
			<single>댓글 &lt;span class="cnt"&gt;하나&lt;/span&gt; 달렸습니다.</single>
		</commentMessage>
		<trackbackMessage>
			<none>받은 트랙백이 없고</none>
			<single>트랙백이 &lt;span class="cnt"&gt;하나&lt;/span&gt;이고</single>
		</trackbackMessage>
		<tree>
			<color>000000</color>
			<bgColor>ffffff</bgColor>
			<activeColor>000000</activeColor>
			<activeBgColor>eeeeee</activeBgColor>
			<labelLength>27</labelLength>
			<showValue>1</showValue>
		</tree>
		<contentWidth>500</contentWidth>
	</default>
</skin>
